{"phones": ["°", "º", "ँ", "ं", "ः", "अ", "अं", "अः", "आ", "इ", "ई", "उ", "उँ", "ऊ", "ऊँ", "ऋ", "ऍ", "ऎ", "ए", "ऐ", "ऑ", "ऒ", "ओ", "औ", "क", "कं", "कः", "का", "कि", "की", "कु", "कू", "के", "कै", "को", "कौ", "क्ष", "क्षं", "क्षः", "क्षा", "क्षि", "क्षी", "क्षु", "क्षू", "क्षे", "क्षै", "क्षो", "क्षौ", "ख", "खं", "खः", "खा", "खि", "खी", "खु", "खू", "खे", "खै", "खो", "खौ", "ग", "गं", "गः", "गा", "गि", "गी", "गु", "गू", "गे", "गै", "गो", "गौ", "घ", "घं", "घः", "घा", "घि", "घी", "घु", "घू", "घे", "घै", "घो", "घौ", "ङ", "ङं", "ङः", "ङा", "ङि", "ङी", "ङु", "ङू", "ङे", "ङै", "ङो", "ङौ", "च", "चं", "चः", "चा", "चि", "ची", "चु", "चू", "चे", "चै", "चो", "चौ", "छ", "छं", "छः", "छा", "छि", "छी", "छु", "छू", "छे", "छै", "छो", "छौ", "ज", "जं", "जः", "जा", "जि", "जी", "जु", "जू", "जे", "जै", "जो", "जौ", "ज्ञ", "ज्ञं", "ज्ञः", "ज्ञा", "ज्ञि", "ज्ञी", "ज्ञु", "ज्ञू", "ज्ञे", "ज्ञै", "ज्ञो", "ज्ञौ", "झ", "झं", "झः", "झा", "झि", "झी", "झु", "झू", "झे", "झै", "झो", "झौ", "ञ", "ञं", "ञः", "ञा", "ञि", "ञी", "ञु", "ञू", "ञे", "ञै", "ञो", "ञौ", "ट", "टं", "टः", "टा", "टि", "टी", "टु", "टू", "टे", "टै", "टो", "टौ", "ठ", "ठं", "ठः", "ठा", "ठि", "ठी", "ठु", "ठू", "ठे", "ठै", "ठो", "ठौ", "ड", "डं", "डः", "डा", "डि", "डी", "डु", "डू", "डे", "डै", "डो", "डौ", "ढ", "ढं", "ढः", "ढा", "ढि", "ढी", "ढु", "ढू", "ढे", "ढै", "ढो", "ढौ", "ण", "णं", "णः", "णा", "णि", "णी", "णु", "णू", "णे", "णै", "णो", "णौ", "त", "तं", "तः", "ता", "ति", "ती", "तु", "तू", "ते", "तै", "तो", "तौ", "त्र", "त्रं", "त्रः", "त्रा", "त्रि", "त्री", "त्रु", "त्रू", "त्रे", "त्रै", "त्रो", "त्रौ", "थ", "थं", "थः", "था", "थि", "थी", "थु", "थू", "थे", "थै", "थो", "थौ", "द", "दं", "दः", "दा", "दि", "दी", "दु", "दू", "दे", "दै", "दो", "दौ", "ध", "धं", "धः", "धा", "धि", "धी", "धु", "धू", "धे", "धै", "धो", "धौ", "न", "नं", "नः", "ना", "नि", "नी", "नु", "नू", "ने", "नै", "नो", "नौ", "ऩ", "प", "पं", "पः", "पा", "पि", "पी", "पु", "पू", "पे", "पै", "पो", "पौ", "फ", "फं", "फः", "फा", "फि", "फी", "फु", "फू", "फे", "फै", "फो", "फौ", "ब", "बं", "बः", "बा", "बि", "बी", "बु", "बू", "बे", "बै", "बो", "बौ", "भ", "भं", "भः", "भा", "भि", "भी", "भु", "भू", "भे", "भै", "भो", "भौ", "म", "मं", "मः", "मा", "मि", "मी", "मु", "मू", "मे", "मै", "मो", "मौ", "य", "यं", "यः", "या", "यि", "यी", "यु", "यू", "ये", "यै", "यो", "यौ", "र", "रं", "रः", "रा", "रि", "री", "रु", "रू", "रे", "रै", "रो", "रौ", "ऱ", "ल", "लं", "लः", "ला", "लि", "ली", "लु", "लू", "ले", "लै", "लो", "लौ", "ळ", "ऴ", "व", "वं", "वः", "वा", "वि", "वी", "वु", "वू", "वे", "वै", "वो", "वौ", "श", "शं", "शः", "शा", "शि", "शी", "शु", "शू", "शे", "शै", "शो", "शौ", "श्र", "श्रं", "श्रः", "श्रा", "श्रि", "श्री", "श्रु", "श्रू", "श्रे", "श्रै", "श्रो", "श्रौ", "ष", "षं", "षः", "षा", "षि", "षी", "षु", "षू", "षे", "षै", "षो", "षौ", "स", "सं", "सः", "सा", "सि", "सी", "सु", "सू", "से", "सै", "सो", "सौ", "ह", "हं", "हः", "हा", "हि", "ही", "हु", "हू", "हे", "है", "हो", "हौ", "़", "ा", "ि", "ी", "ु", "ू", "ृ", "ॄ", "ॅ", "ॆ", "े", "ै", "ॉ", "ॊ", "ो", "ौ", "्", "ॐ", "ॖ", "क़", "ख़", "ग़", "ज़", "ड़", "ढ़", "फ़", "य़", "ॠ", "०", "॰", "ॲ"], "phone_mapping": {"<eps>": 0, "sil": 1, "spn": 2, "°": 3, "º": 4, "ँ": 5, "ं": 6, "ः": 7, "अ": 8, "अं": 9, "अः": 10, "आ": 11, "इ": 12, "ई": 13, "उ": 14, "उँ": 15, "ऊ": 16, "ऊँ": 17, "ऋ": 18, "ऍ": 19, "ऎ": 20, "ए": 21, "ऐ": 22, "ऑ": 23, "ऒ": 24, "ओ": 25, "औ": 26, "क": 27, "कं": 28, "कः": 29, "का": 30, "कि": 31, "की": 32, "कु": 33, "कू": 34, "के": 35, "कै": 36, "को": 37, "कौ": 38, "क्ष": 39, "क्षं": 40, "क्षः": 41, "क्षा": 42, "क्षि": 43, "क्षी": 44, "क्षु": 45, "क्षू": 46, "क्षे": 47, "क्षै": 48, "क्षो": 49, "क्षौ": 50, "ख": 51, "खं": 52, "खः": 53, "खा": 54, "खि": 55, "खी": 56, "खु": 57, "खू": 58, "खे": 59, "खै": 60, "खो": 61, "खौ": 62, "ग": 63, "गं": 64, "गः": 65, "गा": 66, "गि": 67, "गी": 68, "गु": 69, "गू": 70, "गे": 71, "गै": 72, "गो": 73, "गौ": 74, "घ": 75, "घं": 76, "घः": 77, "घा": 78, "घि": 79, "घी": 80, "घु": 81, "घू": 82, "घे": 83, "घै": 84, "घो": 85, "घौ": 86, "ङ": 87, "ङं": 88, "ङः": 89, "ङा": 90, "ङि": 91, "ङी": 92, "ङु": 93, "ङू": 94, "ङे": 95, "ङै": 96, "ङो": 97, "ङौ": 98, "च": 99, "चं": 100, "चः": 101, "चा": 102, "चि": 103, "ची": 104, "चु": 105, "चू": 106, "चे": 107, "चै": 108, "चो": 109, "चौ": 110, "छ": 111, "छं": 112, "छः": 113, "छा": 114, "छि": 115, "छी": 116, "छु": 117, "छू": 118, "छे": 119, "छै": 120, "छो": 121, "छौ": 122, "ज": 123, "जं": 124, "जः": 125, "जा": 126, "जि": 127, "जी": 128, "जु": 129, "जू": 130, "जे": 131, "जै": 132, "जो": 133, "जौ": 134, "ज्ञ": 135, "ज्ञं": 136, "ज्ञः": 137, "ज्ञा": 138, "ज्ञि": 139, "ज्ञी": 140, "ज्ञु": 141, "ज्ञू": 142, "ज्ञे": 143, "ज्ञै": 144, "ज्ञो": 145, "ज्ञौ": 146, "झ": 147, "झं": 148, "झः": 149, "झा": 150, "झि": 151, "झी": 152, "झु": 153, "झू": 154, "झे": 155, "झै": 156, "झो": 157, "झौ": 158, "ञ": 159, "ञं": 160, "ञः": 161, "ञा": 162, "ञि": 163, "ञी": 164, "ञु": 165, "ञू": 166, "ञे": 167, "ञै": 168, "ञो": 169, "ञौ": 170, "ट": 171, "टं": 172, "टः": 173, "टा": 174, "टि": 175, "टी": 176, "टु": 177, "टू": 178, "टे": 179, "टै": 180, "टो": 181, "टौ": 182, "ठ": 183, "ठं": 184, "ठः": 185, "ठा": 186, "ठि": 187, "ठी": 188, "ठु": 189, "ठू": 190, "ठे": 191, "ठै": 192, "ठो": 193, "ठौ": 194, "ड": 195, "डं": 196, "डः": 197, "डा": 198, "डि": 199, "डी": 200, "डु": 201, "डू": 202, "डे": 203, "डै": 204, "डो": 205, "डौ": 206, "ढ": 207, "ढं": 208, "ढः": 209, "ढा": 210, "ढि": 211, "ढी": 212, "ढु": 213, "ढू": 214, "ढे": 215, "ढै": 216, "ढो": 217, "ढौ": 218, "ण": 219, "णं": 220, "णः": 221, "णा": 222, "णि": 223, "णी": 224, "णु": 225, "णू": 226, "णे": 227, "णै": 228, "णो": 229, "णौ": 230, "त": 231, "तं": 232, "तः": 233, "ता": 234, "ति": 235, "ती": 236, "तु": 237, "तू": 238, "ते": 239, "तै": 240, "तो": 241, "तौ": 242, "त्र": 243, "त्रं": 244, "त्रः": 245, "त्रा": 246, "त्रि": 247, "त्री": 248, "त्रु": 249, "त्रू": 250, "त्रे": 251, "त्रै": 252, "त्रो": 253, "त्रौ": 254, "थ": 255, "थं": 256, "थः": 257, "था": 258, "थि": 259, "थी": 260, "थु": 261, "थू": 262, "थे": 263, "थै": 264, "थो": 265, "थौ": 266, "द": 267, "दं": 268, "दः": 269, "दा": 270, "दि": 271, "दी": 272, "दु": 273, "दू": 274, "दे": 275, "दै": 276, "दो": 277, "दौ": 278, "ध": 279, "धं": 280, "धः": 281, "धा": 282, "धि": 283, "धी": 284, "धु": 285, "धू": 286, "धे": 287, "धै": 288, "धो": 289, "धौ": 290, "न": 291, "नं": 292, "नः": 293, "ना": 294, "नि": 295, "नी": 296, "नु": 297, "नू": 298, "ने": 299, "नै": 300, "नो": 301, "नौ": 302, "ऩ": 303, "प": 304, "पं": 305, "पः": 306, "पा": 307, "पि": 308, "पी": 309, "पु": 310, "पू": 311, "पे": 312, "पै": 313, "पो": 314, "पौ": 315, "फ": 316, "फं": 317, "फः": 318, "फा": 319, "फि": 320, "फी": 321, "फु": 322, "फू": 323, "फे": 324, "फै": 325, "फो": 326, "फौ": 327, "ब": 328, "बं": 329, "बः": 330, "बा": 331, "बि": 332, "बी": 333, "बु": 334, "बू": 335, "बे": 336, "बै": 337, "बो": 338, "बौ": 339, "भ": 340, "भं": 341, "भः": 342, "भा": 343, "भि": 344, "भी": 345, "भु": 346, "भू": 347, "भे": 348, "भै": 349, "भो": 350, "भौ": 351, "म": 352, "मं": 353, "मः": 354, "मा": 355, "मि": 356, "मी": 357, "मु": 358, "मू": 359, "मे": 360, "मै": 361, "मो": 362, "मौ": 363, "य": 364, "यं": 365, "यः": 366, "या": 367, "यि": 368, "यी": 369, "यु": 370, "यू": 371, "ये": 372, "यै": 373, "यो": 374, "यौ": 375, "र": 376, "रं": 377, "रः": 378, "रा": 379, "रि": 380, "री": 381, "रु": 382, "रू": 383, "रे": 384, "रै": 385, "रो": 386, "रौ": 387, "ऱ": 388, "ल": 389, "लं": 390, "लः": 391, "ला": 392, "लि": 393, "ली": 394, "लु": 395, "लू": 396, "ले": 397, "लै": 398, "लो": 399, "लौ": 400, "ळ": 401, "ऴ": 402, "व": 403, "वं": 404, "वः": 405, "वा": 406, "वि": 407, "वी": 408, "वु": 409, "वू": 410, "वे": 411, "वै": 412, "वो": 413, "वौ": 414, "श": 415, "शं": 416, "शः": 417, "शा": 418, "शि": 419, "शी": 420, "शु": 421, "शू": 422, "शे": 423, "शै": 424, "शो": 425, "शौ": 426, "श्र": 427, "श्रं": 428, "श्रः": 429, "श्रा": 430, "श्रि": 431, "श्री": 432, "श्रु": 433, "श्रू": 434, "श्रे": 435, "श्रै": 436, "श्रो": 437, "श्रौ": 438, "ष": 439, "षं": 440, "षः": 441, "षा": 442, "षि": 443, "षी": 444, "षु": 445, "षू": 446, "षे": 447, "षै": 448, "षो": 449, "षौ": 450, "स": 451, "सं": 452, "सः": 453, "सा": 454, "सि": 455, "सी": 456, "सु": 457, "सू": 458, "से": 459, "सै": 460, "सो": 461, "सौ": 462, "ह": 463, "हं": 464, "हः": 465, "हा": 466, "हि": 467, "ही": 468, "हु": 469, "हू": 470, "हे": 471, "है": 472, "हो": 473, "हौ": 474, "़": 475, "ा": 476, "ि": 477, "ी": 478, "ु": 479, "ू": 480, "ृ": 481, "ॄ": 482, "ॅ": 483, "ॆ": 484, "े": 485, "ै": 486, "ॉ": 487, "ॊ": 488, "ो": 489, "ौ": 490, "्": 491, "ॐ": 492, "ॖ": 493, "क़": 494, "ख़": 495, "ग़": 496, "ज़": 497, "ड़": 498, "ढ़": 499, "फ़": 500, "य़": 501, "ॠ": 502, "०": 503, "॰": 504, "ॲ": 505}, "phone_groups": {"°": ["°"], "º": ["º"], "ँ": ["ँ"], "ं": ["ं"], "ः": ["ः"], "अ": ["अ"], "अं": ["अं"], "अः": ["अः"], "आ": ["आ"], "इ": ["इ"], "ई": ["ई"], "उ": ["उ"], "उँ": ["उँ"], "ऊ": ["ऊ"], "ऊँ": ["ऊँ"], "ऋ": ["ऋ"], "ऍ": ["ऍ"], "ऎ": ["ऎ"], "ए": ["ए"], "ऐ": ["ऐ"], "ऑ": ["ऑ"], "ऒ": ["ऒ"], "ओ": ["ओ"], "औ": ["औ"], "क": ["क"], "कं": ["कं"], "कः": ["कः"], "का": ["का"], "कि": ["कि"], "की": ["की"], "कु": ["कु"], "कू": ["कू"], "के": ["के"], "कै": ["कै"], "को": ["को"], "कौ": ["कौ"], "क्ष": ["क्ष"], "क्षं": ["क्षं"], "क्षः": ["क्षः"], "क्षा": ["क्षा"], "क्षि": ["क्षि"], "क्षी": ["क्षी"], "क्षु": ["क्षु"], "क्षू": ["क्षू"], "क्षे": ["क्षे"], "क्षै": ["क्षै"], "क्षो": ["क्षो"], "क्षौ": ["क्षौ"], "ख": ["ख"], "खं": ["खं"], "खः": ["खः"], "खा": ["खा"], "खि": ["खि"], "खी": ["खी"], "खु": ["खु"], "खू": ["खू"], "खे": ["खे"], "खै": ["खै"], "खो": ["खो"], "खौ": ["खौ"], "ग": ["ग"], "गं": ["गं"], "गः": ["गः"], "गा": ["गा"], "गि": ["गि"], "गी": ["गी"], "गु": ["गु"], "गू": ["गू"], "गे": ["गे"], "गै": ["गै"], "गो": ["गो"], "गौ": ["गौ"], "घ": ["घ"], "घं": ["घं"], "घः": ["घः"], "घा": ["घा"], "घि": ["घि"], "घी": ["घी"], "घु": ["घु"], "घू": ["घू"], "घे": ["घे"], "घै": ["घै"], "घो": ["घो"], "घौ": ["घौ"], "ङ": ["ङ"], "ङं": ["ङं"], "ङः": ["ङः"], "ङा": ["ङा"], "ङि": ["ङि"], "ङी": ["ङी"], "ङु": ["ङु"], "ङू": ["ङू"], "ङे": ["ङे"], "ङै": ["ङै"], "ङो": ["ङो"], "ङौ": ["ङौ"], "च": ["च"], "चं": ["चं"], "चः": ["चः"], "चा": ["चा"], "चि": ["चि"], "ची": ["ची"], "चु": ["चु"], "चू": ["चू"], "चे": ["चे"], "चै": ["चै"], "चो": ["चो"], "चौ": ["चौ"], "छ": ["छ"], "छं": ["छं"], "छः": ["छः"], "छा": ["छा"], "छि": ["छि"], "छी": ["छी"], "छु": ["छु"], "छू": ["छू"], "छे": ["छे"], "छै": ["छै"], "छो": ["छो"], "छौ": ["छौ"], "ज": ["ज"], "जं": ["जं"], "जः": ["जः"], "जा": ["जा"], "जि": ["जि"], "जी": ["जी"], "जु": ["जु"], "जू": ["जू"], "जे": ["जे"], "जै": ["जै"], "जो": ["जो"], "जौ": ["जौ"], "ज्ञ": ["ज्ञ"], "ज्ञं": ["ज्ञं"], "ज्ञः": ["ज्ञः"], "ज्ञा": ["ज्ञा"], "ज्ञि": ["ज्ञि"], "ज्ञी": ["ज्ञी"], "ज्ञु": ["ज्ञु"], "ज्ञू": ["ज्ञू"], "ज्ञे": ["ज्ञे"], "ज्ञै": ["ज्ञै"], "ज्ञो": ["ज्ञो"], "ज्ञौ": ["ज्ञौ"], "झ": ["झ"], "झं": ["झं"], "झः": ["झः"], "झा": ["झा"], "झि": ["झि"], "झी": ["झी"], "झु": ["झु"], "झू": ["झू"], "झे": ["झे"], "झै": ["झै"], "झो": ["झो"], "झौ": ["झौ"], "ञ": ["ञ"], "ञं": ["ञं"], "ञः": ["ञः"], "ञा": ["ञा"], "ञि": ["ञि"], "ञी": ["ञी"], "ञु": ["ञु"], "ञू": ["ञू"], "ञे": ["ञे"], "ञै": ["ञै"], "ञो": ["ञो"], "ञौ": ["ञौ"], "ट": ["ट"], "टं": ["टं"], "टः": ["टः"], "टा": ["टा"], "टि": ["टि"], "टी": ["टी"], "टु": ["टु"], "टू": ["टू"], "टे": ["टे"], "टै": ["टै"], "टो": ["टो"], "टौ": ["टौ"], "ठ": ["ठ"], "ठं": ["ठं"], "ठः": ["ठः"], "ठा": ["ठा"], "ठि": ["ठि"], "ठी": ["ठी"], "ठु": ["ठु"], "ठू": ["ठू"], "ठे": ["ठे"], "ठै": ["ठै"], "ठो": ["ठो"], "ठौ": ["ठौ"], "ड": ["ड"], "डं": ["डं"], "डः": ["डः"], "डा": ["डा"], "डि": ["डि"], "डी": ["डी"], "डु": ["डु"], "डू": ["डू"], "डे": ["डे"], "डै": ["डै"], "डो": ["डो"], "डौ": ["डौ"], "ढ": ["ढ"], "ढं": ["ढं"], "ढः": ["ढः"], "ढा": ["ढा"], "ढि": ["ढि"], "ढी": ["ढी"], "ढु": ["ढु"], "ढू": ["ढू"], "ढे": ["ढे"], "ढै": ["ढै"], "ढो": ["ढो"], "ढौ": ["ढौ"], "ण": ["ण"], "णं": ["णं"], "णः": ["णः"], "णा": ["णा"], "णि": ["णि"], "णी": ["णी"], "णु": ["णु"], "णू": ["णू"], "णे": ["णे"], "णै": ["णै"], "णो": ["णो"], "णौ": ["णौ"], "त": ["त"], "तं": ["तं"], "तः": ["तः"], "ता": ["ता"], "ति": ["ति"], "ती": ["ती"], "तु": ["तु"], "तू": ["तू"], "ते": ["ते"], "तै": ["तै"], "तो": ["तो"], "तौ": ["तौ"], "त्र": ["त्र"], "त्रं": ["त्रं"], "त्रः": ["त्रः"], "त्रा": ["त्रा"], "त्रि": ["त्रि"], "त्री": ["त्री"], "त्रु": ["त्रु"], "त्रू": ["त्रू"], "त्रे": ["त्रे"], "त्रै": ["त्रै"], "त्रो": ["त्रो"], "त्रौ": ["त्रौ"], "थ": ["थ"], "थं": ["थं"], "थः": ["थः"], "था": ["था"], "थि": ["थि"], "थी": ["थी"], "थु": ["थु"], "थू": ["थू"], "थे": ["थे"], "थै": ["थै"], "थो": ["थो"], "थौ": ["थौ"], "द": ["द"], "दं": ["दं"], "दः": ["दः"], "दा": ["दा"], "दि": ["दि"], "दी": ["दी"], "दु": ["दु"], "दू": ["दू"], "दे": ["दे"], "दै": ["दै"], "दो": ["दो"], "दौ": ["दौ"], "ध": ["ध"], "धं": ["धं"], "धः": ["धः"], "धा": ["धा"], "धि": ["धि"], "धी": ["धी"], "धु": ["धु"], "धू": ["धू"], "धे": ["धे"], "धै": ["धै"], "धो": ["धो"], "धौ": ["धौ"], "न": ["न"], "नं": ["नं"], "नः": ["नः"], "ना": ["ना"], "नि": ["नि"], "नी": ["नी"], "नु": ["नु"], "नू": ["नू"], "ने": ["ने"], "नै": ["नै"], "नो": ["नो"], "नौ": ["नौ"], "ऩ": ["ऩ"], "प": ["प"], "पं": ["पं"], "पः": ["पः"], "पा": ["पा"], "पि": ["पि"], "पी": ["पी"], "पु": ["पु"], "पू": ["पू"], "पे": ["पे"], "पै": ["पै"], "पो": ["पो"], "पौ": ["पौ"], "फ": ["फ"], "फं": ["फं"], "फः": ["फः"], "फा": ["फा"], "फि": ["फि"], "फी": ["फी"], "फु": ["फु"], "फू": ["फू"], "फे": ["फे"], "फै": ["फै"], "फो": ["फो"], "फौ": ["फौ"], "ब": ["ब"], "बं": ["बं"], "बः": ["बः"], "बा": ["बा"], "बि": ["बि"], "बी": ["बी"], "बु": ["बु"], "बू": ["बू"], "बे": ["बे"], "बै": ["बै"], "बो": ["बो"], "बौ": ["बौ"], "भ": ["भ"], "भं": ["भं"], "भः": ["भः"], "भा": ["भा"], "भि": ["भि"], "भी": ["भी"], "भु": ["भु"], "भू": ["भू"], "भे": ["भे"], "भै": ["भै"], "भो": ["भो"], "भौ": ["भौ"], "म": ["म"], "मं": ["मं"], "मः": ["मः"], "मा": ["मा"], "मि": ["मि"], "मी": ["मी"], "मु": ["मु"], "मू": ["मू"], "मे": ["मे"], "मै": ["मै"], "मो": ["मो"], "मौ": ["मौ"], "य": ["य"], "यं": ["यं"], "यः": ["यः"], "या": ["या"], "यि": ["यि"], "यी": ["यी"], "यु": ["यु"], "यू": ["यू"], "ये": ["ये"], "यै": ["यै"], "यो": ["यो"], "यौ": ["यौ"], "र": ["र"], "रं": ["रं"], "रः": ["रः"], "रा": ["रा"], "रि": ["रि"], "री": ["री"], "रु": ["रु"], "रू": ["रू"], "रे": ["रे"], "रै": ["रै"], "रो": ["रो"], "रौ": ["रौ"], "ऱ": ["ऱ"], "ल": ["ल"], "लं": ["लं"], "लः": ["लः"], "ला": ["ला"], "लि": ["लि"], "ली": ["ली"], "लु": ["लु"], "लू": ["लू"], "ले": ["ले"], "लै": ["लै"], "लो": ["लो"], "लौ": ["लौ"], "ळ": ["ळ"], "ऴ": ["ऴ"], "व": ["व"], "वं": ["वं"], "वः": ["वः"], "वा": ["वा"], "वि": ["वि"], "वी": ["वी"], "वु": ["वु"], "वू": ["वू"], "वे": ["वे"], "वै": ["वै"], "वो": ["वो"], "वौ": ["वौ"], "श": ["श"], "शं": ["शं"], "शः": ["शः"], "शा": ["शा"], "शि": ["शि"], "शी": ["शी"], "शु": ["शु"], "शू": ["शू"], "शे": ["शे"], "शै": ["शै"], "शो": ["शो"], "शौ": ["शौ"], "श्र": ["श्र"], "श्रं": ["श्रं"], "श्रः": ["श्रः"], "श्रा": ["श्रा"], "श्रि": ["श्रि"], "श्री": ["श्री"], "श्रु": ["श्रु"], "श्रू": ["श्रू"], "श्रे": ["श्रे"], "श्रै": ["श्रै"], "श्रो": ["श्रो"], "श्रौ": ["श्रौ"], "ष": ["ष"], "षं": ["षं"], "षः": ["षः"], "षा": ["षा"], "षि": ["षि"], "षी": ["षी"], "षु": ["षु"], "षू": ["षू"], "षे": ["षे"], "षै": ["षै"], "षो": ["षो"], "षौ": ["षौ"], "स": ["स"], "सं": ["सं"], "सः": ["सः"], "सा": ["सा"], "सि": ["सि"], "सी": ["सी"], "सु": ["सु"], "सू": ["सू"], "से": ["से"], "सै": ["सै"], "सो": ["सो"], "सौ": ["सौ"], "ह": ["ह"], "हं": ["हं"], "हः": ["हः"], "हा": ["हा"], "हि": ["हि"], "ही": ["ही"], "हु": ["हु"], "हू": ["हू"], "हे": ["हे"], "है": ["है"], "हो": ["हो"], "हौ": ["हौ"], "़": ["़"], "ा": ["ा"], "ि": ["ि"], "ी": ["ी"], "ु": ["ु"], "ू": ["ू"], "ृ": ["ृ"], "ॄ": ["ॄ"], "ॅ": ["ॅ"], "ॆ": ["ॆ"], "े": ["े"], "ै": ["ै"], "ॉ": ["ॉ"], "ॊ": ["ॊ"], "ो": ["ो"], "ौ": ["ौ"], "्": ["्"], "ॐ": ["ॐ"], "ॖ": ["ॖ"], "क़": ["क़"], "ख़": ["ख़"], "ग़": ["ग़"], "ज़": ["ज़"], "ड़": ["ड़"], "ढ़": ["ढ़"], "फ़": ["फ़"], "य़": ["य़"], "ॠ": ["ॠ"], "०": ["०"], "॰": ["॰"], "ॲ": ["ॲ"]}, "version": "3.1.3", "architecture": "gmm-hmm", "train_date": "2024-09-02 08:07:47.709146", "training": {"audio_duration": 767466.0544172336, "num_speakers": 2, "num_utterances": 96122, "num_oovs": 0, "average_log_likelihood": -0.06547434232367022}, "dictionaries": {"names": ["Nepali_Dict"], "default": "Nepali_Dict", "silence_word": "<eps>", "use_g2p": false, "oov_word": "<unk>", "bracketed_word": "[bracketed]", "laughter_word": "[laughter]", "clitic_marker": "'", "position_dependent_phones": false}, "language": "unknown", "features": {"type": "mfcc", "use_energy": true, "frame_shift": 10, "frame_length": 25, "snip_edges": false, "low_frequency": 20, "high_frequency": 7800, "sample_frequency": 16000, "dither": 0.0001, "energy_floor": 1.0, "num_coefficients": 13, "num_mel_bins": 23, "cepstral_lifter": 22, "preemphasis_coefficient": 0.97, "uses_cmvn": true, "uses_deltas": true, "uses_voiced": false, "uses_splices": false, "uses_speaker_adaptation": true, "use_pitch": false, "use_voicing": false, "min_f0": 50, "max_f0": 800, "delta_pitch": 0.005, "penalty_factor": 0.1, "silence_weight": 0.0, "splice_left_context": 3, "splice_right_context": 3}, "oov_phone": "spn", "optional_silence_phone": "sil", "phone_set_type": "UNKNOWN", "silence_probability": 0.18, "initial_silence_probability": 0.18, "final_silence_correction": 0.99, "final_non_silence_correction": 0.3}